genus,genus_common
Abies,Fir
Acer,Maple
Aesculus,Horsechestnut & buckeye
Ailanthus,Tree-of-heaven
Alnus,Alder
Amelanchier,Serviceberry
Aralia,Devil's walking stick
Asimina,Pawpaw
Betula,Birch
Caragana,Peashrub
Carpinus,Hornbeam & blue beech
Carya,Hickory
Castanea,Chestnut
Catalpa,Catalpa
Celtis,Hackberry
Cercidiphyllum,Katsura
Cercis,Redbud
Chamaecyparis,Falsecypress
Cladrastis,Yellowwood
Cornus,Dogwood
Corylus,Hazel
Cotinus,Smoketree
Crataegus,Hawthorn
Elaeagnus,Russian olive
Euonymus,Euonymus
Fagus,Beech
Frangula,Buckthorn (glossy)
Fraxinus,Ash
Ginkgo,Ginkgo
Gleditsia,Honey locust
Gymnocladus,Kentucky coffeetree
Hamamelis,Witch-hazel
Juglans,Walnut & butternut
Juniperus,Juniper & red cedar
Koelreuteria,Golden rain tree
Laburnum,Golden chain tree
Larix,Larch & tamarack
Liquidambar,Sweetgum
Liriodendron,Tulip tree
Maackia,Maackia
Magnolia,Magnolia
Malus,Apple & crabapple
Metasequoia,Dawn redwood
Morus,Mulberry
Nyssa,Blackgum
Ostrya,Ironwood
Phellodendron,Amur cork tree
Picea,Spruce
Pinus,Pine
Platanus,Planetree & sycamore
Populus,Poplar & aspen
Prunus,Cherry & plum
Pseudotsuga,Douglas fir
Ptelea,Hop tree
Pyrus,Pear
Quercus,Oak
Rhamnus,Buckthorn (European)
Rhus,Sumac
Robinia,Black locust
Salix,Willow
Sambucus,Elderberry
Sassafras,Sassafras
Sophora,Japanese pagoda tree
Sorbus,Mountain ash
Syringa,Lilac
Taxodium,Bald cypress
Taxus,Yew
Thuja,Cedar (arborvitae)
Tilia,Linden & basswood
Tsuga,Hemlock
Ulmus,Elm
Xanthocyparis,Nootka cypress
Zelkova,Zelkova
