raw_lower,canonical_name,reason
abies balsamaea,Abies balsamea,Misspelled epithet (balsam fir)
allianthus altissima,Ailanthus altissima,Misspelled genus (tree-of-heaven)
caragana arboresense,Caragana arborescens,Misspelled epithet
crategus crus galli cruzam,Crataegus crus-galli 'Cruzam',Misspelled genus and unhyphenated epithet
frangula frangula,Frangula alnus,Invalid combination; accepted name for glossy buckthorn
picea omorica,Picea omorika,Misspelled epithet (Serbian spruce)
alix × sepulcralis,Salix x sepulcralis,Genus initial dropped (weeping willow)
euonymus altus,Euonymus alatus,Misspelled epithet (winged euonymus)
"magnolia x soulngeana (m. denudata x liliiflora)",Magnolia x soulangeana,Misspelled epithet (saucer magnolia)
